{"cameraMode":{"drawMode":0,"name":"Shaded","section":"Shading Mode"},"sceneLighting":true,"audioPlay":false,"sceneViewState":{"m_AlwaysRefresh":false,"showFog":true,"showSkybox":true,"showFlares":true,"showImageEffects":true,"showParticleSystems":true,"showVisualEffectGraphs":true,"m_FxEnabled":true},"in2DMode":false,"pivot":{"x":6.345902919769287,"y":-0.3511483669281006,"z":2.1641788482666017},"rotation":{"x":0.15413017570972444,"y":0.02815096639096737,"z":-0.004393452312797308,"w":0.9876450300216675},"size":4.424302577972412,"orthographic":false}