{"cameraMode":{"drawMode":0,"name":"Shaded","section":"Shading Mode"},"sceneLighting":true,"audioPlay":false,"sceneViewState":{"m_AlwaysRefresh":false,"showFog":true,"showSkybox":true,"showFlares":true,"showImageEffects":true,"showParticleSystems":true,"showVisualEffectGraphs":true,"m_FxEnabled":true},"in2DMode":false,"pivot":{"x":638.6088256835938,"y":185.3343505859375,"z":6.185455322265625},"rotation":{"x":0.0842079445719719,"y":-0.007477852050215006,"z":0.0006336033111438155,"w":0.9964283108711243},"size":434.6592102050781,"orthographic":false}